{"app":["/app-74402e567e34c29ad90e.js"],"component---src-pages-404-js":["/component---src-pages-404-js-19e743c2377add780a87.js"],"component---src-pages-about-us-tsx":["/component---src-pages-about-us-tsx-f341854483c01c51410d.js"],"component---src-pages-casio-service-js":["/component---src-pages-casio-service-js-56c24e7282fb8a96de6b.js"],"component---src-pages-contacts-tsx":["/component---src-pages-contacts-tsx-9812fc81d61ac19626b3.js"],"component---src-pages-index-tsx":["/component---src-pages-index-tsx-0f5fdec740a960d64f03.js"],"component---src-pages-service-tsx":["/component---src-pages-service-tsx-c3fe4f2f7eb1fe259fb2.js"],"component---src-pages-shop-tsx":["/component---src-pages-shop-tsx-bbb9c0f3ff2f2d5b2985.js"],"component---src-pages-showcase-tsx":["/component---src-pages-showcase-tsx-93ddf71874e800067417.js"],"component---src-pages-workshop-tsx":["/component---src-pages-workshop-tsx-33a9c4018fae0ec4946d.js"]}