{"errors":[],"warnings":[],"namedChunkGroups":{"app":{"chunks":[14,0,4],"assets":["webpack-runtime-6721a7c8f6448b46428b.js","webpack-runtime-6721a7c8f6448b46428b.js.map","styles.a4bec16ef9b3b27c18c2.css","styles-3eabaafcf2af0eadc555.js","styles-3eabaafcf2af0eadc555.js.map","app-74402e567e34c29ad90e.js","app-74402e567e34c29ad90e.js.map"],"children":{},"childAssets":{}},"component---src-pages-404-js":{"chunks":[0,1,2,5],"assets":["styles.a4bec16ef9b3b27c18c2.css","styles-3eabaafcf2af0eadc555.js","styles-3eabaafcf2af0eadc555.js.map","1-f789b72445623e3f267e.js","1-f789b72445623e3f267e.js.map","2-00969c0848617ce61702.js","2-00969c0848617ce61702.js.map","component---src-pages-404-js-19e743c2377add780a87.js","component---src-pages-404-js-19e743c2377add780a87.js.map"],"children":{},"childAssets":{}},"component---src-pages-about-us-tsx":{"chunks":[0,1,2,6],"assets":["styles.a4bec16ef9b3b27c18c2.css","styles-3eabaafcf2af0eadc555.js","styles-3eabaafcf2af0eadc555.js.map","1-f789b72445623e3f267e.js","1-f789b72445623e3f267e.js.map","2-00969c0848617ce61702.js","2-00969c0848617ce61702.js.map","component---src-pages-about-us-tsx-f341854483c01c51410d.js","component---src-pages-about-us-tsx-f341854483c01c51410d.js.map"],"children":{},"childAssets":{}},"component---src-pages-casio-service-js":{"chunks":[0,1,3,2,7],"assets":["styles.a4bec16ef9b3b27c18c2.css","styles-3eabaafcf2af0eadc555.js","styles-3eabaafcf2af0eadc555.js.map","1-f789b72445623e3f267e.js","1-f789b72445623e3f267e.js.map","3-36134289dae3efe4418c.js","3-36134289dae3efe4418c.js.map","2-00969c0848617ce61702.js","2-00969c0848617ce61702.js.map","component---src-pages-casio-service-js-56c24e7282fb8a96de6b.js","component---src-pages-casio-service-js-56c24e7282fb8a96de6b.js.map"],"children":{},"childAssets":{}},"component---src-pages-contacts-tsx":{"chunks":[0,1,3,2,8],"assets":["styles.a4bec16ef9b3b27c18c2.css","styles-3eabaafcf2af0eadc555.js","styles-3eabaafcf2af0eadc555.js.map","1-f789b72445623e3f267e.js","1-f789b72445623e3f267e.js.map","3-36134289dae3efe4418c.js","3-36134289dae3efe4418c.js.map","2-00969c0848617ce61702.js","2-00969c0848617ce61702.js.map","component---src-pages-contacts-tsx-9812fc81d61ac19626b3.js","component---src-pages-contacts-tsx-9812fc81d61ac19626b3.js.map"],"children":{},"childAssets":{}},"component---src-pages-index-tsx":{"chunks":[0,1,15,2,9],"assets":["styles.a4bec16ef9b3b27c18c2.css","styles-3eabaafcf2af0eadc555.js","styles-3eabaafcf2af0eadc555.js.map","1-f789b72445623e3f267e.js","1-f789b72445623e3f267e.js.map","15-5b67054c5cec716e3ee6.js","15-5b67054c5cec716e3ee6.js.map","2-00969c0848617ce61702.js","2-00969c0848617ce61702.js.map","component---src-pages-index-tsx-0f5fdec740a960d64f03.js","component---src-pages-index-tsx-0f5fdec740a960d64f03.js.map"],"children":{},"childAssets":{}},"component---src-pages-service-tsx":{"chunks":[0,1,2,10],"assets":["styles.a4bec16ef9b3b27c18c2.css","styles-3eabaafcf2af0eadc555.js","styles-3eabaafcf2af0eadc555.js.map","1-f789b72445623e3f267e.js","1-f789b72445623e3f267e.js.map","2-00969c0848617ce61702.js","2-00969c0848617ce61702.js.map","component---src-pages-service-tsx-c3fe4f2f7eb1fe259fb2.js","component---src-pages-service-tsx-c3fe4f2f7eb1fe259fb2.js.map"],"children":{},"childAssets":{}},"component---src-pages-shop-tsx":{"chunks":[0,1,2,11],"assets":["styles.a4bec16ef9b3b27c18c2.css","styles-3eabaafcf2af0eadc555.js","styles-3eabaafcf2af0eadc555.js.map","1-f789b72445623e3f267e.js","1-f789b72445623e3f267e.js.map","2-00969c0848617ce61702.js","2-00969c0848617ce61702.js.map","component---src-pages-shop-tsx-bbb9c0f3ff2f2d5b2985.js","component---src-pages-shop-tsx-bbb9c0f3ff2f2d5b2985.js.map"],"children":{},"childAssets":{}},"component---src-pages-showcase-tsx":{"chunks":[0,1,2,12],"assets":["styles.a4bec16ef9b3b27c18c2.css","styles-3eabaafcf2af0eadc555.js","styles-3eabaafcf2af0eadc555.js.map","1-f789b72445623e3f267e.js","1-f789b72445623e3f267e.js.map","2-00969c0848617ce61702.js","2-00969c0848617ce61702.js.map","component---src-pages-showcase-tsx-93ddf71874e800067417.js","component---src-pages-showcase-tsx-93ddf71874e800067417.js.map"],"children":{},"childAssets":{}},"component---src-pages-workshop-tsx":{"chunks":[0,1,2,13],"assets":["styles.a4bec16ef9b3b27c18c2.css","styles-3eabaafcf2af0eadc555.js","styles-3eabaafcf2af0eadc555.js.map","1-f789b72445623e3f267e.js","1-f789b72445623e3f267e.js.map","2-00969c0848617ce61702.js","2-00969c0848617ce61702.js.map","component---src-pages-workshop-tsx-33a9c4018fae0ec4946d.js","component---src-pages-workshop-tsx-33a9c4018fae0ec4946d.js.map"],"children":{},"childAssets":{}}},"assetsByChunkName":{"app":["webpack-runtime-6721a7c8f6448b46428b.js","styles.a4bec16ef9b3b27c18c2.css","styles-3eabaafcf2af0eadc555.js","app-74402e567e34c29ad90e.js"],"component---src-pages-404-js":["styles.a4bec16ef9b3b27c18c2.css","styles-3eabaafcf2af0eadc555.js","1-f789b72445623e3f267e.js","2-00969c0848617ce61702.js","component---src-pages-404-js-19e743c2377add780a87.js"],"component---src-pages-about-us-tsx":["styles.a4bec16ef9b3b27c18c2.css","styles-3eabaafcf2af0eadc555.js","1-f789b72445623e3f267e.js","2-00969c0848617ce61702.js","component---src-pages-about-us-tsx-f341854483c01c51410d.js"],"component---src-pages-casio-service-js":["styles.a4bec16ef9b3b27c18c2.css","styles-3eabaafcf2af0eadc555.js","1-f789b72445623e3f267e.js","3-36134289dae3efe4418c.js","2-00969c0848617ce61702.js","component---src-pages-casio-service-js-56c24e7282fb8a96de6b.js"],"component---src-pages-contacts-tsx":["styles.a4bec16ef9b3b27c18c2.css","styles-3eabaafcf2af0eadc555.js","1-f789b72445623e3f267e.js","3-36134289dae3efe4418c.js","2-00969c0848617ce61702.js","component---src-pages-contacts-tsx-9812fc81d61ac19626b3.js"],"component---src-pages-index-tsx":["styles.a4bec16ef9b3b27c18c2.css","styles-3eabaafcf2af0eadc555.js","1-f789b72445623e3f267e.js","15-5b67054c5cec716e3ee6.js","2-00969c0848617ce61702.js","component---src-pages-index-tsx-0f5fdec740a960d64f03.js"],"component---src-pages-service-tsx":["styles.a4bec16ef9b3b27c18c2.css","styles-3eabaafcf2af0eadc555.js","1-f789b72445623e3f267e.js","2-00969c0848617ce61702.js","component---src-pages-service-tsx-c3fe4f2f7eb1fe259fb2.js"],"component---src-pages-shop-tsx":["styles.a4bec16ef9b3b27c18c2.css","styles-3eabaafcf2af0eadc555.js","1-f789b72445623e3f267e.js","2-00969c0848617ce61702.js","component---src-pages-shop-tsx-bbb9c0f3ff2f2d5b2985.js"],"component---src-pages-showcase-tsx":["styles.a4bec16ef9b3b27c18c2.css","styles-3eabaafcf2af0eadc555.js","1-f789b72445623e3f267e.js","2-00969c0848617ce61702.js","component---src-pages-showcase-tsx-93ddf71874e800067417.js"],"component---src-pages-workshop-tsx":["styles.a4bec16ef9b3b27c18c2.css","styles-3eabaafcf2af0eadc555.js","1-f789b72445623e3f267e.js","2-00969c0848617ce61702.js","component---src-pages-workshop-tsx-33a9c4018fae0ec4946d.js"]}}